Field #,Field Width,Field Name,year
1,1,Enterprise Flag,2008
2,7,Record Number,2008
3,2,US Postal State Code,2008
4,5,Metropolitan Statistical Area (MSA) Code,2008
5,3,County - 2000 Census,2008
6,6,Census Tract - 2000 Census,2008
7,6,2000 Census Tract - Percent Minority,2008
8,6,2000 Census Tract - Median Income,2008
9,6,2000 Local Area Median Income,2008
10,8,Tract Income Ratio,2008
11,9,Borrower’s (or Borrowers’) Annual Income,2008
12,6,Area Median Family Income (2008),2008
13,8,Borrower Income Ratio,2008
14,9,Acquisition Unpaid Principal Balance (UPB),2008
15,1,Purpose of Loan,2008
16,1,Federal Guarantee,2008
17,2,Number of Borrowers,2008
18,1,First-Time Home Buyer,2008
19,1,Borrower Race or National Origin 1,2008
20,1,Borrower Race or National Origin 2,2008
21,1,Borrower Race or National Origin 3,2008
22,1,Borrower Race or National Origin 4,2008
23,1,Borrower Race or National Origin 5,2008
24,1,Borrower Ethnicity,2008
25,1,Co-Borrower Race or National Origin 1,2008
26,1,Co-Borrower Race or National Origin 2,2008
27,1,Co-Borrower Race or National Origin 3,2008
28,1,Co-Borrower Race or National Origin 4,2008
29,1,Co-Borrower Race or National Origin 5,2008
30,1,Co-Borrower Ethnicity,2008
31,1,Borrower Sex,2008
32,1,Co-Borrower Sex,2008
33,3,Age of Borrower,2008
34,3,Age of Co-Borrower,2008
35,1,Occupancy Code,2008
36,1,Underserved Areas Indicator,2008
37,5,Rate Spread,2008
38,1,HOEPA Status,2008
39,1,Property Type,2008
40,1,Lien Status,2008
1,1,Enterprise Flag,2009
2,7,Record Number,2009
3,2,US Postal State Code,2009
4,5,Metropolitan Statistical Area (MSA) Code,2009
5,3,County - 2000 Census,2009
6,6,Census Tract - 2000 Census,2009
7,6,2000 Census Tract - Percent Minority,2009
8,6,2000 Census Tract - Median Income,2009
9,6,2000 Local Area Median Income,2009
10,8,Tract Income Ratio,2009
11,9,Borrower’s (or Borrowers’) Annual Income,2009
12,6,Area Median Family Income (2009),2009
13,8,Borrower Income Ratio,2009
14,9,Acquisition Unpaid Principal Balance (UPB),2009
15,1,Purpose of Loan,2009
16,1,Federal Guarantee,2009
17,2,Number of Borrowers,2009
18,1,First-Time Home Buyer,2009
19,1,Borrower Race or National Origin 1,2009
20,1,Borrower Race or National Origin 2,2009
21,1,Borrower Race or National Origin 3,2009
22,1,Borrower Race or National Origin 4,2009
23,1,Borrower Race or National Origin 5,2009
24,1,Borrower Ethnicity,2009
25,1,Co-Borrower Race or National Origin 1,2009
26,1,Co-Borrower Race or National Origin 2,2009
27,1,Co-Borrower Race or National Origin 3,2009
28,1,Co-Borrower Race or National Origin 4,2009
29,1,Co-Borrower Race or National Origin 5,2009
30,1,Co-Borrower Ethnicity,2009
31,1,Borrower Sex,2009
32,1,Co-Borrower Sex,2009
33,3,Age of Borrower,2009
34,3,Age of Co-Borrower,2009
35,1,Occupancy Code,2009
36,1,Underserved Areas Indicator,2009
37,5,Rate Spread,2009
38,1,HOEPA Status,2009
39,1,Property Type,2009
40,1,Lien Status,2009
1,1,Enterprise Flag,2010
2,7,Record Number,2010
3,2,US Postal State Code,2010
4,5,Metropolitan Statistical Area (MSA) Code,2010
5,3,County - 2000 Census,2010
6,6,Census Tract - 2000 Census,2010
7,6,2000 Census Tract - Percent Minority,2010
8,6,2000 Census Tract - Median Income,2010
9,6,2000 Local Area Median Income,2010
10,8,Tract Income Ratio,2010
11,9,Borrower’s (or Borrowers’) Annual Income,2010
12,6,Area Median Family Income (2010),2010
13,8,Borrower Income Ratio,2010
14,9,Acquisition Unpaid Principal Balance (UPB),2010
15,1,Purpose of Loan,2010
16,1,Federal Guarantee,2010
17,2,Number of Borrowers,2010
18,1,First-Time Home Buyer,2010
19,1,Borrower Race or National Origin 1,2010
20,1,Borrower Race or National Origin 2,2010
21,1,Borrower Race or National Origin 3,2010
22,1,Borrower Race or National Origin 4,2010
23,1,Borrower Race or National Origin 5,2010
24,1,Borrower Ethnicity,2010
25,1,Co-Borrower Race or National Origin 1,2010
26,1,Co-Borrower Race or National Origin 2,2010
27,1,Co-Borrower Race or National Origin 3,2010
28,1,Co-Borrower Race or National Origin 4,2010
29,1,Co-Borrower Race or National Origin 5,2010
30,1,Co-Borrower Ethnicity,2010
31,1,Borrower Sex,2010
32,1,Co-Borrower Sex,2010
33,3,Age of Borrower,2010
34,3,Age of Co-Borrower,2010
35,1,Occupancy Code,2010
36,5,Rate Spread,2010
37,1,HOEPA Status,2010
38,1,Property Type,2010
39,1,Lien Status,2010
1,1,Enterprise Flag,2011
2,7,Record Number,2011
3,2,US Postal State Code,2011
4,5,Metropolitan Statistical Area (MSA) Code,2011
5,3,County - 2000 Census,2011
6,6,Census Tract - 2000 Census,2011
7,6,2000 Census Tract - Percent Minority,2011
8,6,2000 Census Tract - Median Income,2011
9,6,2000 Local Area Median Income,2011
10,8,Tract Income Ratio,2011
11,9,Borrower’s (or Borrowers’) Annual Income,2011
12,6,Area Median Family Income (2011),2011
13,8,Borrower Income Ratio,2011
14,9,Acquisition Unpaid Principal Balance (UPB),2011
15,1,Purpose of Loan,2011
16,1,Federal Guarantee,2011
17,2,Number of Borrowers,2011
18,1,First-Time Home Buyer,2011
19,1,Borrower Race or National Origin 1,2011
20,1,Borrower Race or National Origin 2,2011
21,1,Borrower Race or National Origin 3,2011
22,1,Borrower Race or National Origin 4,2011
23,1,Borrower Race or National Origin 5,2011
24,1,Borrower Ethnicity,2011
25,1,Co-Borrower Race or National Origin 1,2011
26,1,Co-Borrower Race or National Origin 2,2011
27,1,Co-Borrower Race or National Origin 3,2011
28,1,Co-Borrower Race or National Origin 4,2011
29,1,Co-Borrower Race or National Origin 5,2011
30,1,Co-Borrower Ethnicity,2011
31,1,Borrower Sex,2011
32,1,Co-Borrower Sex,2011
33,3,Age of Borrower,2011
34,3,Age of Co-Borrower,2011
35,1,Occupancy Code,2011
36,5,Rate Spread,2011
37,1,HOEPA Status,2011
38,1,Property Type,2011
39,1,Lien Status,2011
1,1,Enterprise Flag,2012
2,7,Record Number,2012
3,2,US Postal State Code,2012
4,5,Metropolitan Statistical Area (MSA) Code,2012
5,3,County - 2010 Census,2012
6,6,Census Tract - 2010 Census,2012
7,6,2010 Census Tract - Percent Minority,2012
8,6,2010 Census Tract - Median Income,2012
9,6,Local Area Median Income,2012
10,8,Tract Income Ratio,2012
11,9,Borrower’s (or Borrowers’) Annual Income,2012
12,6,Area Median Family Income (2012),2012
13,8,Borrower Income Ratio,2012
14,9,Acquisition Unpaid Principal Balance (UPB),2012
15,1,Purpose of Loan,2012
16,1,Federal Guarantee,2012
17,2,Number of Borrowers,2012
18,1,First-Time Home Buyer,2012
19,1,Borrower Race or National Origin 1,2012
20,1,Borrower Race or National Origin 2,2012
21,1,Borrower Race or National Origin 3,2012
22,1,Borrower Race or National Origin 4,2012
23,1,Borrower Race or National Origin 5,2012
24,1,Borrower Ethnicity,2012
25,1,Co-Borrower Race or National Origin 1,2012
26,1,Co-Borrower Race or National Origin 2,2012
27,1,Co-Borrower Race or National Origin 3,2012
28,1,Co-Borrower Race or National Origin 4,2012
29,1,Co-Borrower Race or National Origin 5,2012
30,1,Co-Borrower Ethnicity,2012
31,1,Borrower Sex,2012
32,1,Co-Borrower Sex,2012
33,3,Age of Borrower,2012
34,3,Age of Co-Borrower,2012
35,1,Occupancy Code,2012
36,5,Rate Spread,2012
37,1,HOEPA Status,2012
38,1,Property Type,2012
39,1,Lien Status,2012
1,1,Enterprise Flag,2013
2,7,Record Number,2013
3,2,US Postal State Code,2013
4,5,Metropolitan Statistical Area (MSA) Code,2013
5,3,County - 2010 Census,2013
6,6,Census Tract - 2010 Census,2013
7,6,2010 Census Tract - Percent Minority,2013
8,6,2010 Census Tract - Median Income,2013
9,6,Local Area Median Income,2013
10,8,Tract Income Ratio,2013
11,9,Borrower’s (or Borrowers’) Annual Income,2013
12,6,Area Median Family Income (2013),2013
13,8,Borrower Income Ratio,2013
14,9,Acquisition Unpaid Principal Balance (UPB),2013
15,1,Purpose of Loan,2013
16,1,Federal Guarantee,2013
17,2,Number of Borrowers,2013
18,1,First-Time Home Buyer,2013
19,1,Borrower Race or National Origin 1,2013
20,1,Borrower Race or National Origin 2,2013
21,1,Borrower Race or National Origin 3,2013
22,1,Borrower Race or National Origin 4,2013
23,1,Borrower Race or National Origin 5,2013
24,1,Borrower Ethnicity,2013
25,1,Co-Borrower Race or National Origin 1,2013
26,1,Co-Borrower Race or National Origin 2,2013
27,1,Co-Borrower Race or National Origin 3,2013
28,1,Co-Borrower Race or National Origin 4,2013
29,1,Co-Borrower Race or National Origin 5,2013
30,1,Co-Borrower Ethnicity,2013
31,1,Borrower Sex,2013
32,1,Co-Borrower Sex,2013
33,3,Age of Borrower,2013
34,3,Age of Co-Borrower,2013
35,1,Occupancy Code,2013
36,5,Rate Spread,2013
37,1,HOEPA Status,2013
38,1,Property Type,2013
39,1,Lien Status,2013
1,1,Enterprise Flag,2014
2,7,Record Number,2014
3,2,US Postal State Code,2014
4,5,Metropolitan Statistical Area (MSA) Code,2014
5,3,County - 2010 Census,2014
6,6,Census Tract - 2010 Census,2014
7,6,2010 Census Tract - Percent Minority,2014
8,6,2010 Census Tract - Median Income,2014
9,6,Local Area Median Income,2014
10,8,Tract Income Ratio,2014
11,9,Borrower’s (or Borrowers’) Annual Income,2014
12,6,Area Median Family Income (2014),2014
13,8,Borrower Income Ratio,2014
14,9,Acquisition Unpaid Principal Balance (UPB),2014
15,1,Purpose of Loan,2014
16,1,Federal Guarantee,2014
17,2,Number of Borrowers,2014
18,1,First-Time Home Buyer,2014
19,1,Borrower Race or National Origin 1,2014
20,1,Borrower Race or National Origin 2,2014
21,1,Borrower Race or National Origin 3,2014
22,1,Borrower Race or National Origin 4,2014
23,1,Borrower Race or National Origin 5,2014
24,1,Borrower Ethnicity,2014
25,1,Co-Borrower Race or National Origin 1,2014
26,1,Co-Borrower Race or National Origin 2,2014
27,1,Co-Borrower Race or National Origin 3,2014
28,1,Co-Borrower Race or National Origin 4,2014
29,1,Co-Borrower Race or National Origin 5,2014
30,1,Co-Borrower Ethnicity,2014
31,1,Borrower Sex,2014
32,1,Co-Borrower Sex,2014
33,3,Age of Borrower,2014
34,3,Age of Co-Borrower,2014
35,1,Occupancy Code,2014
36,5,Rate Spread,2014
37,1,HOEPA Status,2014
38,1,Property Type,2014
39,1,Lien Status,2014
1,1,Enterprise Flag,2015
2,7,Record Number,2015
3,2,US Postal State Code,2015
4,5,Metropolitan Statistical Area (MSA) Code,2015
5,3,County - 2010 Census,2015
6,6,Census Tract - 2010 Census,2015
7,6,2010 Census Tract - Percent Minority,2015
8,6,2010 Census Tract - Median Income,2015
9,6,Local Area Median Income,2015
10,8,Tract Income Ratio,2015
11,9,Borrower’s (or Borrowers’) Annual Income,2015
12,6,Area Median Family Income (2015),2015
13,8,Borrower Income Ratio,2015
14,9,Acquisition Unpaid Principal Balance (UPB),2015
15,1,Purpose of Loan,2015
16,1,Federal Guarantee,2015
17,2,Number of Borrowers,2015
18,1,First-Time Home Buyer,2015
19,1,Borrower Race or National Origin 1,2015
20,1,Borrower Race or National Origin 2,2015
21,1,Borrower Race or National Origin 3,2015
22,1,Borrower Race or National Origin 4,2015
23,1,Borrower Race or National Origin 5,2015
24,1,Borrower Ethnicity,2015
25,1,Co-Borrower Race or National Origin 1,2015
26,1,Co-Borrower Race or National Origin 2,2015
27,1,Co-Borrower Race or National Origin 3,2015
28,1,Co-Borrower Race or National Origin 4,2015
29,1,Co-Borrower Race or National Origin 5,2015
30,1,Co-Borrower Ethnicity,2015
31,1,Borrower Sex,2015
32,1,Co-Borrower Sex,2015
33,3,Age of Borrower,2015
34,3,Age of Co-Borrower,2015
35,1,Occupancy Code,2015
36,5,Rate Spread,2015
37,1,HOEPA Status,2015
38,1,Property Type,2015
39,1,Lien Status,2015
1,1,Enterprise Flag,2016
2,7,Record Number,2016
3,2,US Postal State Code,2016
4,5,Metropolitan Statistical Area (MSA) Code,2016
5,3,County - 2010 Census,2016
6,6,Census Tract - 2010 Census,2016
7,6,2010 Census Tract - Percent Minority,2016
8,6,2010 Census Tract - Median Income,2016
9,6,Local Area Median Income,2016
10,8,Tract Income Ratio,2016
11,9,Borrower’s (or Borrowers’) Annual Income,2016
12,6,Area Median Family Income (2016),2016
13,8,Borrower Income Ratio,2016
14,9,Acquisition Unpaid Principal Balance (UPB),2016
15,1,Purpose of Loan,2016
16,1,Federal Guarantee,2016
17,2,Number of Borrowers,2016
18,1,First-Time Home Buyer,2016
19,1,Borrower Race or National Origin 1,2016
20,1,Borrower Race or National Origin 2,2016
21,1,Borrower Race or National Origin 3,2016
22,1,Borrower Race or National Origin 4,2016
23,1,Borrower Race or National Origin 5,2016
24,1,Borrower Ethnicity,2016
25,1,Co-Borrower Race or National Origin 1,2016
26,1,Co-Borrower Race or National Origin 2,2016
27,1,Co-Borrower Race or National Origin 3,2016
28,1,Co-Borrower Race or National Origin 4,2016
29,1,Co-Borrower Race or National Origin 5,2016
30,1,Co-Borrower Ethnicity,2016
31,1,Borrower Sex,2016
32,1,Co-Borrower Sex,2016
33,3,Age of Borrower,2016
34,3,Age of Co-Borrower,2016
35,1,Occupancy Code,2016
36,5,Rate Spread,2016
37,1,HOEPA Status,2016
38,1,Property Type,2016
39,1,Lien Status,2016
1,1,Enterprise Flag,2017
2,7,Record Number,2017
3,2,US Postal State Code,2017
4,5,Metropolitan Statistical Area (MSA) Code,2017
5,3,County - 2010 Census,2017
6,6,Census Tract - 2010 Census,2017
7,6,2010 Census Tract - Percent Minority,2017
8,6,2010 Census Tract - Median Income,2017
9,6,Local Area Median Income,2017
10,8,Tract Income Ratio,2017
11,9,Borrower’s (or Borrowers’) Annual Income,2017
12,6,Area Median Family Income (2017),2017
13,8,Borrower Income Ratio,2017
14,9,Acquisition Unpaid Principal Balance (UPB),2017
15,1,Purpose of Loan,2017
16,1,Federal Guarantee,2017
17,2,Number of Borrowers,2017
18,1,First-Time Home Buyer,2017
19,1,Borrower Race or National Origin 1,2017
20,1,Borrower Race or National Origin 2,2017
21,1,Borrower Race or National Origin 3,2017
22,1,Borrower Race or National Origin 4,2017
23,1,Borrower Race or National Origin 5,2017
24,1,Borrower Ethnicity,2017
25,1,Co-Borrower Race or National Origin 1,2017
26,1,Co-Borrower Race or National Origin 2,2017
27,1,Co-Borrower Race or National Origin 3,2017
28,1,Co-Borrower Race or National Origin 4,2017
29,1,Co-Borrower Race or National Origin 5,2017
30,1,Co-Borrower Ethnicity,2017
31,1,Borrower Sex,2017
32,1,Co-Borrower Sex,2017
33,3,Age of Borrower,2017
34,3,Age of Co-Borrower,2017
35,1,Occupancy Code,2017
36,5,Rate Spread,2017
37,1,HOEPA Status,2017
38,1,Property Type,2017
39,1,Lien Status,2017
1,1,Enterprise Flag,2018
2,7,Record Number,2018
3,2,US Postal State Code,2018
4,5,Metropolitan Statistical Area (MSA) Code,2018
5,3,County - 2010 Census,2018
6,6,Census Tract - 2010 Census,2018
7,6,2010 Census Tract - Percent Minority,2018
8,6,2010 Census Tract - Median Income,2018
9,6,Local Area Median Income,2018
10,8,Tract Income Ratio,2018
11,9,Borrower’s (or Borrowers’) Annual Income,2018
12,6,Area Median Family Income (2018),2018
13,8,Borrower Income Ratio,2018
14,9,Acquisition Unpaid Principal Balance (UPB),2018
15,1,Purpose of Loan,2018
16,1,Federal Guarantee,2018
17,2,Number of Borrowers,2018
18,1,First-Time Home Buyer,2018
19,1,Borrower Race or National Origin 1,2018
20,1,Borrower Race or National Origin 2,2018
21,1,Borrower Race or National Origin 3,2018
22,1,Borrower Race or National Origin 4,2018
23,1,Borrower Race or National Origin 5,2018
24,1,Borrower Ethnicity,2018
25,1,Co-Borrower Race or National Origin 1,2018
26,1,Co-Borrower Race or National Origin 2,2018
27,1,Co-Borrower Race or National Origin 3,2018
28,1,Co-Borrower Race or National Origin 4,2018
29,1,Co-Borrower Race or National Origin 5,2018
30,1,Co-Borrower Ethnicity,2018
31,1,Borrower Sex,2018
32,1,Co-Borrower Sex,2018
33,1,Age of Borrower,2018
34,1,Age of Co-Borrower,2018
35,1,Occupancy Code,2018
36,5,Rate Spread,2018
37,1,HOEPA Status,2018
38,1,Property Type,2018
39,1,Lien Status,2018
40,1,Borrower Age 62 or older,2018
41,1,Co-Borrower Age 62 or older,2018
42,6,"Loan-to-Value Ratio (LTV) at Origination, or Combined LTV (CLTV) where available",2018
43,1,Date of Mortgage Note,2018
44,3,Term of Mortgage at Origination,2018
45,1,Number of Units,2018
46,6,Interest Rate at Origination,2018
47,9,Note Amount,2018
48,1,Preapproval,2018
49,1,Application Channel,2018
50,1,Automated Underwriting System (AUS) Name,2018
51,2,Credit Score Model - Borrower,2018
52,2,Credit Score Model - Co-Borrower,2018
53,2,Debt-to-Income (DTI) Ratio,2018
54,6,Discount Points,2018
55,3,Introductory Rate Period,2018
56,1,Manufactured Home - Land Property Interest,2018
57,9,Property Value,2018
58,1,Rural Census Tract,2018
59,1,Lower Mississippi Delta County,2018
60,1,Middle Appalachia County,2018
61,1,Persistent Poverty County,2018
62,1,Area of Concentrated Poverty,2018
63,1,High Opportunity Area,2018
64,1,Qualified Opportunity Zone (QOZ) Census Tract,2018
1,1,Enterprise Flag,2019
2,7,Record Number,2019
3,2,US Postal State Code,2019
4,5,Metropolitan Statistical Area (MSA) Code,2019
5,3,County - 2010 Census,2019
6,6,Census Tract - 2010 Census,2019
7,6,2010 Census Tract - Percent Minority,2019
8,6,2010 Census Tract - Median Income,2019
9,6,Local Area Median Income,2019
10,8,Tract Income Ratio,2019
11,9,Borrower’s (or Borrowers’) Annual Income,2019
12,6,Area Median Family Income (2019),2019
13,8,Borrower Income Ratio,2019
14,9,Acquisition Unpaid Principal Balance (UPB),2019
15,1,Purpose of Loan,2019
16,1,Federal Guarantee,2019
17,2,Number of Borrowers,2019
18,1,First-Time Home Buyer,2019
19,1,Borrower Race or National Origin 1,2019
20,1,Borrower Race or National Origin 2,2019
21,1,Borrower Race or National Origin 3,2019
22,1,Borrower Race or National Origin 4,2019
23,1,Borrower Race or National Origin 5,2019
24,1,Borrower Ethnicity,2019
25,1,Co-Borrower Race or National Origin 1,2019
26,1,Co-Borrower Race or National Origin 2,2019
27,1,Co-Borrower Race or National Origin 3,2019
28,1,Co-Borrower Race or National Origin 4,2019
29,1,Co-Borrower Race or National Origin 5,2019
30,1,Co-Borrower Ethnicity,2019
31,1,Borrower Sex,2019
32,1,Co-Borrower Sex,2019
33,1,Age of Borrower,2019
34,1,Age of Co-Borrower,2019
35,1,Occupancy Code,2019
36,5,Rate Spread,2019
37,1,HOEPA Status,2019
38,1,Property Type,2019
39,1,Lien Status,2019
40,1,Borrower Age 62 or older,2019
41,1,Co-Borrower Age 62 or older,2019
42,6,"Loan-to-Value Ratio (LTV) at Origination, or Combined LTV (CLTV) where available",2019
43,1,Date of Mortgage Note,2019
44,3,Term of Mortgage at Origination,2019
45,1,Number of Units,2019
46,6,Interest Rate at Origination,2019
47,9,Note Amount,2019
48,1,Preapproval,2019
49,1,Application Channel,2019
50,1,Automated Underwriting System (AUS) Name,2019
51,2,Credit Score Model - Borrower,2019
52,2,Credit Score Model - Co-Borrower,2019
53,2,Debt-to-Income (DTI) Ratio,2019
54,6,Discount Points,2019
55,3,Introductory Rate Period,2019
56,1,Manufactured Home - Land Property Interest,2019
57,9,Property Value,2019
58,1,Rural Census Tract,2019
59,1,Lower Mississippi Delta County,2019
60,1,Middle Appalachia County,2019
61,1,Persistent Poverty County,2019
62,1,Area of Concentrated Poverty,2019
63,1,High Opportunity Area,2019
64,1,Qualified Opportunity Zone (QOZ) Census Tract,2019
1,1,Enterprise Flag,2020
2,7,Record Number,2020
3,2,US Postal State Code,2020
4,5,Metropolitan Statistical Area (MSA) Code,2020
5,3,County - 2010 Census,2020
6,6,Census Tract - 2010 Census,2020
7,6,2010 Census Tract - Percent Minority,2020
8,6,2010 Census Tract - Median Income,2020
9,6,Local Area Median Income,2020
10,8,Tract Income Ratio,2020
11,9,Borrower’s (or Borrowers’) Annual Income,2020
12,6,Area Median Family Income (2020),2020
13,8,Borrower Income Ratio,2020
14,9,Acquisition Unpaid Principal Balance (UPB),2020
15,1,Purpose of Loan,2020
16,1,Federal Guarantee,2020
17,2,Number of Borrowers,2020
18,1,First-Time Home Buyer,2020
19,1,Borrower Race or National Origin 1,2020
20,1,Borrower Race or National Origin 2,2020
21,1,Borrower Race or National Origin 3,2020
22,1,Borrower Race or National Origin 4,2020
23,1,Borrower Race or National Origin 5,2020
24,1,Borrower Ethnicity,2020
25,1,Co-Borrower Race or National Origin 1,2020
26,1,Co-Borrower Race or National Origin 2,2020
27,1,Co-Borrower Race or National Origin 3,2020
28,1,Co-Borrower Race or National Origin 4,2020
29,1,Co-Borrower Race or National Origin 5,2020
30,1,Co-Borrower Ethnicity,2020
31,1,Borrower Sex,2020
32,1,Co-Borrower Sex,2020
33,1,Age of Borrower,2020
34,1,Age of Co-Borrower,2020
35,1,Occupancy Code,2020
36,5,Rate Spread,2020
37,1,HOEPA Status,2020
38,1,Property Type,2020
39,1,Lien Status,2020
40,1,Borrower Age 62 or older,2020
41,1,Co-Borrower Age 62 or older,2020
42,6,"Loan-to-Value Ratio (LTV) at Origination, or Combined LTV (CLTV) where available",2020
43,1,Date of Mortgage Note,2020
44,3,Term of Mortgage at Origination,2020
45,1,Number of Units,2020
46,6,Interest Rate at Origination,2020
47,9,Note Amount,2020
48,1,Preapproval,2020
49,1,Application Channel,2020
50,1,Automated Underwriting System (AUS) Name,2020
51,2,Credit Score Model - Borrower,2020
52,2,Credit Score Model - Co-Borrower,2020
53,2,Debt-to-Income (DTI) Ratio,2020
54,6,Discount Points,2020
55,3,Introductory Rate Period,2020
56,1,Manufactured Home - Land Property Interest,2020
57,9,Property Value,2020
58,1,Rural Census Tract,2020
59,1,Lower Mississippi Delta County,2020
60,1,Middle Appalachia County,2020
61,1,Persistent Poverty County,2020
62,1,Area of Concentrated Poverty,2020
63,1,High Opportunity Area,2020
64,1,Qualified Opportunity Zone (QOZ) Census Tract,2020
1,1,Enterprise Flag,2021
2,7,Record Number,2021
3,2,US Postal State Code,2021
4,5,Metropolitan Statistical Area (MSA) Code,2021
5,3,County - 2010 Census,2021
6,6,Census Tract - 2010 Census,2021
7,6,2010 Census Tract - Percent Minority,2021
8,6,2010 Census Tract - Median Income,2021
9,6,Local Area Median Income,2021
10,8,Tract Income Ratio,2021
11,9,Borrower’s (or Borrowers’) Annual Income,2021
12,6,Area Median Family Income (2021),2021
13,8,Borrower Income Ratio,2021
14,9,Acquisition Unpaid Principal Balance (UPB),2021
15,1,Purpose of Loan,2021
16,1,Federal Guarantee,2021
17,2,Number of Borrowers,2021
18,1,First-Time Home Buyer,2021
19,1,Borrower Race or National Origin 1,2021
20,1,Borrower Race or National Origin 2,2021
21,1,Borrower Race or National Origin 3,2021
22,1,Borrower Race or National Origin 4,2021
23,1,Borrower Race or National Origin 5,2021
24,1,Borrower Ethnicity,2021
25,1,Co-Borrower Race or National Origin 1,2021
26,1,Co-Borrower Race or National Origin 2,2021
27,1,Co-Borrower Race or National Origin 3,2021
28,1,Co-Borrower Race or National Origin 4,2021
29,1,Co-Borrower Race or National Origin 5,2021
30,1,Co-Borrower Ethnicity,2021
31,1,Borrower Sex,2021
32,1,Co-Borrower Sex,2021
33,1,Age of Borrower,2021
34,1,Age of Co-Borrower,2021
35,1,Occupancy Code,2021
36,5,Rate Spread,2021
37,1,HOEPA Status,2021
38,1,Property Type,2021
39,1,Lien Status,2021
40,1,Borrower Age 62 or older,2021
41,1,Co-Borrower Age 62 or older,2021
42,6,"Loan-to-Value Ratio (LTV) at Origination, or Combined LTV (CLTV) where available",2021
43,1,Date of Mortgage Note,2021
44,3,Term of Mortgage at Origination,2021
45,1,Number of Units,2021
46,6,Interest Rate at Origination,2021
47,9,Note Amount,2021
48,1,Preapproval,2021
49,1,Application Channel,2021
50,1,Automated Underwriting System (AUS) Name,2021
51,2,Credit Score Model - Borrower,2021
52,2,Credit Score Model - Co-Borrower,2021
53,2,Debt-to-Income (DTI) Ratio,2021
54,6,Discount Points,2021
55,3,Introductory Rate Period,2021
56,1,Manufactured Home - Land Property Interest,2021
57,9,Property Value,2021
58,1,Rural Census Tract,2021
59,1,Lower Mississippi Delta County,2021
60,1,Middle Appalachia County,2021
61,1,Persistent Poverty County,2021
62,1,Area of Concentrated Poverty,2021
63,1,High Opportunity Area,2021
64,1,Qualified Opportunity Zone (QOZ) Census Tract,2021
1,1,Enterprise Flag,2022
2,7,Record Number,2022
3,2,US Postal State Code,2022
4,5,Metropolitan Statistical Area (MSA) Code,2022
5,3,County - 2020 Census,2022
6,6,Census Tract - 2020 Census,2022
7,6,2020 Census Tract - Percent Minority,2022
8,6,2020 Census Tract - Median Income,2022
9,6,Local Area Median Income,2022
10,8,Tract Income Ratio,2022
11,9,Borrower’s (or Borrowers’) Annual Income,2022
12,6,Area Median Family Income (2022),2022
13,8,Borrower Income Ratio,2022
14,9,Acquisition Unpaid Principal Balance (UPB),2022
15,1,Purpose of Loan,2022
16,1,Federal Guarantee,2022
17,2,Number of Borrowers,2022
18,1,First-Time Home Buyer,2022
19,1,Borrower Race or National Origin 1,2022
20,1,Borrower Race or National Origin 2,2022
21,1,Borrower Race or National Origin 3,2022
22,1,Borrower Race or National Origin 4,2022
23,1,Borrower Race or National Origin 5,2022
24,1,Borrower Ethnicity,2022
25,1,Co-Borrower Race or National Origin 1,2022
26,1,Co-Borrower Race or National Origin 2,2022
27,1,Co-Borrower Race or National Origin 3,2022
28,1,Co-Borrower Race or National Origin 4,2022
29,1,Co-Borrower Race or National Origin 5,2022
30,1,Co-Borrower Ethnicity,2022
31,1,Borrower Sex,2022
32,1,Co-Borrower Sex,2022
33,1,Age of Borrower,2022
34,1,Age of Co-Borrower,2022
35,1,Occupancy Code,2022
36,5,Rate Spread,2022
37,1,HOEPA Status,2022
38,1,Property Type,2022
39,1,Lien Status,2022
40,1,Borrower Age 62 or older,2022
41,1,Co-Borrower Age 62 or older,2022
42,6,"Loan-to-Value Ratio (LTV) at Origination, or Combined LTV (CLTV) where available",2022
43,1,Date of Mortgage Note,2022
44,3,Term of Mortgage at Origination,2022
45,1,Number of Units,2022
46,6,Interest Rate at Origination,2022
47,9,Note Amount,2022
48,1,Preapproval,2022
49,1,Application Channel,2022
50,1,Automated Underwriting System (AUS) Name,2022
51,2,Credit Score Model - Borrower,2022
52,2,Credit Score Model - Co-Borrower,2022
53,2,Debt-to-Income (DTI) Ratio,2022
54,6,Discount Points,2022
55,3,Introductory Rate Period,2022
56,1,Manufactured Home - Land Property Interest,2022
57,9,Property Value,2022
58,1,Rural Census Tract,2022
59,1,Lower Mississippi Delta County,2022
60,1,Middle Appalachia County,2022
61,1,Persistent Poverty County,2022
62,1,Area of Concentrated Poverty,2022
63,1,High Opportunity Area,2022
1,1,Enterprise Flag,2023
2,7,Record Number,2023
3,2,US Postal State Code,2023
4,5,Metropolitan Statistical Area (MSA) Code,2023
5,3,County - 2020 Census,2023
6,6,Census Tract - 2020 Census,2023
7,6,2020 Census Tract - Percent Minority,2023
8,6,2020 Census Tract - Median Income,2023
9,6,Local Area Median Income,2023
10,8,Tract Income Ratio,2023
11,9,Borrower’s (or Borrowers’) Annual Income,2023
12,6,Area Median Family Income (2023),2023
13,8,Borrower Income Ratio,2023
14,9,Acquisition Unpaid Principal Balance (UPB),2023
15,1,Purpose of Loan,2023
16,1,Federal Guarantee,2023
17,2,Number of Borrowers,2023
18,1,First-Time Home Buyer,2023
19,1,Borrower Race or National Origin 1,2023
20,1,Borrower Race or National Origin 2,2023
21,1,Borrower Race or National Origin 3,2023
22,1,Borrower Race or National Origin 4,2023
23,1,Borrower Race or National Origin 5,2023
24,1,Borrower Ethnicity,2023
25,1,Co-Borrower Race or National Origin 1,2023
26,1,Co-Borrower Race or National Origin 2,2023
27,1,Co-Borrower Race or National Origin 3,2023
28,1,Co-Borrower Race or National Origin 4,2023
29,1,Co-Borrower Race or National Origin 5,2023
30,1,Co-Borrower Ethnicity,2023
31,1,Borrower Sex,2023
32,1,Co-Borrower Sex,2023
33,1,Age of Borrower,2023
34,1,Age of Co-Borrower,2023
35,1,Occupancy Code,2023
36,5,Rate Spread,2023
37,1,HOEPA Status,2023
38,1,Property Type,2023
39,1,Lien Status,2023
40,1,Borrower Age 62 or older,2023
41,1,Co-Borrower Age 62 or older,2023
42,6,"Loan-to-Value Ratio (LTV) at Origination, or Combined LTV (CLTV) where available",2023
43,1,Date of Mortgage Note,2023
44,3,Term of Mortgage at Origination,2023
45,1,Number of Units,2023
46,6,Interest Rate at Origination,2023
47,9,Note Amount,2023
48,1,Preapproval,2023
49,1,Application Channel,2023
50,1,Automated Underwriting System (AUS) Name,2023
51,2,Credit Score Model - Borrower,2023
52,2,Credit Score Model - Co-Borrower,2023
53,2,Debt-to-Income (DTI) Ratio,2023
54,6,Discount Points,2023
55,3,Introductory Rate Period,2023
56,1,Manufactured Home - Land Property Interest,2023
57,9,Property Value,2023
58,1,Rural Census Tract,2023
59,1,Lower Mississippi Delta County,2023
60,1,Middle Appalachia County,2023
61,1,Persistent Poverty County,2023
62,1,Area of Concentrated Poverty,2023
63,1,High Opportunity Area,2023
64,1,Colonias Tract,2023
1,1,Enterprise Flag,2024
2,8,Record Number,2024
3,2,US Postal State Code,2024
4,5,Metropolitan Statistical Area (MSA) Code,2024
5,3,County - 2020 Census,2024
6,6,Census Tract - 2020 Census,2024
7,6,2020 Census Tract - Percent Minority,2024
8,6,2020 Census Tract - Median Income,2024
9,6,Local Area Median Income,2024
10,8,Tract Income Ratio,2024
11,9,Borrower’s (or Borrowers’) Annual Income,2024
12,6,Area Median Family Income (2024),2024
13,8,Borrower Income Ratio,2024
14,9,Acquisition Unpaid Principal Balance (UPB),2024
15,1,Purpose of Loan,2024
16,1,Federal Guarantee,2024
17,2,Number of Borrowers,2024
18,1,First-Time Home Buyer,2024
19,1,Borrower Race 1,2024
20,1,Borrower Race 2,2024
21,1,Borrower Race 3,2024
22,1,Borrower Race 4,2024
23,1,Borrower Race 5,2024
24,1,Borrower Ethnicity,2024
25,1,Co-Borrower Race or National Origin 1,2024
26,1,Co-Borrower Race or National Origin 2,2024
27,1,Co-Borrower Race or National Origin 3,2024
28,1,Co-Borrower Race or National Origin 4,2024
29,1,Co-Borrower Race or National Origin 5,2024
30,1,Co-Borrower Ethnicity,2024
31,1,Borrower Sex,2024
32,1,Co-Borrower Sex,2024
33,1,Age of Borrower,2024
34,1,Age of Co-Borrower,2024
35,1,Occupancy Code,2024
36,5,Rate Spread,2024
37,1,HOEPA Status,2024
38,1,Property Type,2024
39,1,Lien Status,2024
40,1,Borrower Age 62 or older,2024
41,1,Co-Borrower Age 62 or older,2024
42,6,"Loan-to-Value Ratio (LTV) at Origination, or Combined LTV (CLTV) where available",2024
43,1,Date of Mortgage Note,2024
44,3,Term of Mortgage at Origination,2024
45,1,Number of Units,2024
46,6,Interest Rate at Origination,2024
47,9,Note Amount,2024
48,1,Preapproval,2024
49,1,Application Channel,2024
50,1,Automated Underwriting System (AUS) Name,2024
51,2,Credit Score Model - Borrower,2024
52,2,Credit Score Model - Co-Borrower,2024
53,2,Debt-to-Income (DTI) Ratio,2024
54,6,Discount Points,2024
55,3,Introductory Rate Period,2024
56,1,Manufactured Home - Land Property Interest,2024
57,9,Property Value,2024
58,1,Rural Census Tract,2024
59,1,Lower Mississippi Delta County,2024
60,1,Middle Appalachia County,2024
61,1,Persistent Poverty County,2024
62,1,Area of Concentrated Poverty,2024
63,1,High Opportunity Area,2024
64,1,Colonias Tract,2024
